,Symbol,Name,Price,Change,Change %,Volume,Avg volume,Market cap,Ration
0,AAPL,Apple Inc.,157.96,+0.31,+0.20%,122.256M,88.744M,2.578T,26.26
1,AMD,"Advanced Micro Devices, Inc.",89.84,+4.32,+5.05%,96.35M,102.836M,146.202B,34.96
2,T,AT&T Inc.,19.12,+0.26,+1.38%,67.439M,59.841M,136.88B,6.92
3,F,Ford Motor Company,14.27,+0.11,+0.78%,63.656M,78.392M,57.362B,3.21
4,ITUB,Itaú Unibanco Holding S.A.,4.6400,-0.1465,-3.06%,57.55M,46.887M,45.379B,8.42
5,NOK,Nokia Oyj,5.13,+0.11,+2.21%,55.743M,28.52M,29.37B,16.88
6,NIO,NIO Inc.,17.50,+0.80,+4.79%,55.7M,71.174M,34.59B,N/A
7,NVDA,NVIDIA Corporation,195.33,+9.86,+5.32%,57.056M,53.897M,486.762B,50.74
8,FB,"Meta Platforms, Inc.",211.13,+10.66,+5.32%,49.456M,40.949M,571.385B,15.33
9,BAC,Bank of America Corporation,36.14,+0.46,+1.29%,45.834M,53.419M,291.364B,10.12
10,UBER,"Uber Technologies, Inc.",30.39,-1.09,-3.46%,44.396M,33.134M,59.411B,N/A
11,SOFI,"SoFi Technologies, Inc.",6.33,+0.21,+3.43%,43.581M,55.856M,5.062B,N/A
12,PLTR,Palantir Technologies Inc.,10.74,+0.34,+3.27%,40.777M,47.442M,21.986B,N/A
13,PBR,Petróleo Brasileiro S.A. - Petrobras,13.01,-0.56,-4.13%,41.096M,31.974M,84.854B,3.93
14,INTC,Intel Corporation,44.96,+1.37,+3.14%,44.596M,36.202M,183.828B,9.25
15,VALE,Vale S.A.,16.39,-0.50,-2.96%,39.871M,37.613M,77.986B,3.35
16,VICI,VICI Properties Inc.,29.05,-0.76,-2.55%,35.876M,9.711M,21.741B,16.51
17,OXY,Occidental Petroleum Corporation,58.30,+3.21,+5.83%,37.753M,35.424M,54.622B,37.09
18,XOM,Exxon Mobil Corporation,86.41,+1.16,+1.36%,33.158M,31.607M,365.825B,16.03
19,BBD,Banco Bradesco S.A.,3.4800,-0.1200,-3.33%,36.31M,38.339M,40.687B,7.93
20,CMCSA,Comcast Corporation,40.45,+0.69,+1.74%,35.816M,22.254M,181.216B,13.31
21,ABEV,Ambev S.A.,2.8200,-0.0900,-3.09%,34.267M,24.424M,45.188B,17.41
22,NLY,"Annaly Capital Management, Inc.",6.51,+0.09,+1.40%,34.771M,25.09M,9.511B,4.07
23,CCL,Carnival Corporation & plc,17.35,+0.05,+0.29%,34.081M,37.387M,20.394B,N/A
24,VZ,Verizon Communications Inc.,46.23,-0.07,-0.15%,33.11M,25.23M,194.149B,8.69
25,AAL,American Airlines Group Inc.,18.56,-0.21,-1.12%,32.549M,44.511M,12.055B,N/A
26,TWTR,"Twitter, Inc.",49.14,+0.12,+0.24%,30.568M,50.978M,37.522B,N/A
27,MSFT,Microsoft Corporation,284.47,+6.95,+2.50%,34.091M,33.016M,2.128T,30.30
28,SWN,Southwestern Energy Company,7.36,-0.14,-1.87%,28.081M,33.46M,8.215B,N/A
29,TELL,Tellurian Inc.,4.8600,-0.1200,-2.41%,27.472M,23.078M,2.762B,N/A
30,TPH,"Tri Pointe Homes, Inc.",20.70,+0.03,+0.15%,12.857M,1.435M,2.141B,5.02
31,AUY,Yamana Gold Inc.,5.30,-0.21,-3.81%,26.073M,20.755M,5.118B,35.33
32,PFE,Pfizer Inc.,48.34,-0.73,-1.49%,29.234M,29.597M,273.013B,12.54
33,WBD,"Warner Bros. Discovery, Inc.",19.25,+1.10,+6.06%,26.103M,15.525M,46.717B,13.97
34,GOLD,Barrick Gold Corporation,22.16,-0.15,-0.67%,26.417M,23.381M,39.542B,19.49
35,BABA,Alibaba Group Holding Limited,101.21,+4.12,+4.24%,24.926M,33.907M,291.614B,28.05
36,WFC,Wells Fargo & Company,43.67,+0.04,+0.09%,24.781M,29.681M,165.504B,8.82
37,SIRI,Sirius XM Holdings Inc.,6.03,+0.03,+0.50%,24.733M,20.317M,23.753B,18.90
38,KO,The Coca-Cola Company,63.44,-1.17,-1.81%,23.948M,18.357M,275.014B,28.20
39,TSLA,"Tesla, Inc.",902.94,+32.18,+3.70%,24.694M,25.004M,935.455B,184.24
40,DKNG,DraftKings Inc.,14.99,+1.31,+9.58%,23.74M,25.359M,6.126B,N/A
41,ET,Energy Transfer LP,11.28,+0.20,+1.81%,23.619M,22.513M,34.774B,5.97
42,C,Citigroup Inc.,48.71,+0.50,+1.04%,25.496M,27.295M,94.59B,4.80
43,SNAP,Snap Inc.,29.52,+1.06,+3.72%,23.143M,38.275M,48.304B,N/A
44,TDOC,"Teladoc Health, Inc.",37.14,+3.38,+10.01%,22.902M,6.301M,5.985B,N/A
45,AMC,"AMC Entertainment Holdings, Inc.",15.26,-0.04,-0.26%,23.655M,50.629M,7.833B,N/A
46,DIDI,DiDi Global Inc.,1.9900,+0.1100,+5.85%,22.445M,54.318M,9.598B,N/A
47,DNA,"Ginkgo Bioworks Holdings, Inc.",3.1300,+0.2300,+7.93%,22.698M,17.981M,5.555B,N/A
48,HOOD,"Robinhood Markets, Inc.",10.48,+0.67,+6.88%,22.622M,20.441M,8.758B,N/A
49,GGB,Gerdau S.A.,5.41,-0.26,-4.59%,21.885M,12.558M,9.228B,2.96
50,TLRY,"Tilray Brands, Inc.",5.23,+0.25,+5.02%,22.758M,34.192M,2.603B,N/A
51,KMI,"Kinder Morgan, Inc.",18.18,+0.03,+0.17%,20.859M,17.87M,41.223B,23.28
52,NKLA,Nikola Corporation,7.00,-0.18,-2.51%,20.755M,12.344M,2.946B,N/A
53,KGC,Kinross Gold Corporation,4.9800,-0.1000,-1.97%,20.241M,22.187M,6.458B,29.29
54,FCX,Freeport-McMoRan Inc.,40.18,-0.37,-0.91%,21.278M,17.953M,58.271B,13.86
55,HBAN,Huntington Bancshares Incorporated,13.26,+0.11,+0.84%,20.108M,12.383M,19.083B,14.73
56,CSCO,"Cisco Systems, Inc.",49.86,+0.88,+1.80%,21.748M,20.962M,207.127B,17.81
57,NCLH,Norwegian Cruise Line Holdings Ltd.,19.86,-0.17,-0.85%,18.775M,21.776M,8.323B,N/A
58,PYPL,"PayPal Holdings, Inc.",91.53,+3.60,+4.09%,18.435M,21.977M,106.294B,26.00
59,PINS,"Pinterest, Inc.",22.16,+1.64,+7.99%,18.389M,13.499M,14.703B,48.17
60,CS,Credit Suisse Group AG,6.75,+0.05,+0.75%,18.359M,12.583M,17.797B,N/A
61,LCID,"Lucid Group, Inc.",19.06,+0.98,+5.42%,19.02M,24.93M,31.736B,N/A
62,BMY,Bristol-Myers Squibb Company,75.08,-0.19,-0.25%,19.568M,15.583M,159.56B,24.06
63,CLF,Cleveland-Cliffs Inc.,25.92,+0.43,+1.69%,17.572M,22.995M,13.601B,4.84
64,PBR-A,Petróleo Brasileiro S.A. - Petrobras,11.75,-0.52,-4.24%,17.357M,14.862M,67.492B,3.55
65,IQ,"iQIYI, Inc.",3.6900,+0.1300,+3.65%,17.1M,25.338M,3.178B,N/A
66,BTG,B2Gold Corp.,4.2100,-0.0400,-0.94%,16.698M,12.014M,4.46B,10.55
67,LUMN,"Lumen Technologies, Inc.",10.26,+0.20,+1.99%,17.623M,14.81M,10.596B,5.37
68,PCG,PG&E Corporation,12.65,0.00,0.00%,17.643M,20.333M,25.142B,N/A
69,RBLX,Roblox Corporation,32.68,+2.03,+6.62%,16.966M,24.448M,19.346B,N/A
70,JPM,JPMorgan Chase & Co.,120.45,+1.09,+0.91%,18.233M,15.935M,353.774B,7.84
71,MRO,Marathon Oil Corporation,24.95,+0.03,+0.12%,16.332M,21.662M,17.928B,20.79
72,ZNGA,Zynga Inc.,8.34,+0.07,+0.85%,16.56M,24.679M,9.485B,N/A
73,GM,General Motors Company,38.45,+0.54,+1.42%,15.264M,18.241M,56.061B,5.74
74,OPEN,Opendoor Technologies Inc.,7.52,+0.53,+7.58%,15.981M,16.412M,4.663B,N/A
75,PLUG,Plug Power Inc.,21.70,+0.68,+3.24%,15.979M,20.206M,12.543B,N/A
76,AGNC,AGNC Investment Corp.,11.20,+0.22,+2.00%,15.562M,10.136M,5.855B,9.18
77,X,United States Steel Corporation,29.81,-0.68,-2.23%,15.816M,17.487M,7.766B,2.00
78,MU,"Micron Technology, Inc.",70.60,+2.41,+3.53%,15.329M,23.543M,78.837B,8.89
79,GRAB,Grab Holdings Limited,3.1100,+0.1600,+5.42%,14.718M,23.679M,11.915B,N/A
80,ATVI,"Activision Blizzard, Inc.",78.06,+2.46,+3.25%,14.695M,7.474M,60.831B,22.69
81,SQ,"Block, Inc.",105.86,+6.32,+6.35%,14.494M,20.793M,61.44B,320.79
82,TEVA,Teva Pharmaceutical Industries Limited,8.53,-0.18,-2.07%,14.139M,8.636M,9.763B,22.57
83,RIG,Transocean Ltd.,3.7200,-0.0400,-1.06%,14.759M,24.626M,2.534B,N/A
84,TME,Tencent Music Entertainment Group,4.4600,+0.2100,+4.94%,14.082M,19.363M,7.56B,16.40
85,RIVN,"Rivian Automotive, Inc.",31.74,+1.50,+4.96%,13.821M,18.05M,28.039B,N/A
86,DIS,The Walt Disney Company,113.50,+1.87,+1.68%,13.699M,12.225M,206.642B,67.44
87,NFLX,"Netflix, Inc.",199.46,+9.10,+4.78%,14.539M,10.614M,88.615B,17.75
88,DAL,"Delta Air Lines, Inc.",42.67,-0.36,-0.84%,13.408M,16.579M,27.355B,96.98
89,UAL,"United Airlines Holdings, Inc.",50.19,-0.31,-0.61%,13.373M,15.907M,16.399B,N/A
90,NU,Nu Holdings Ltd.,5.96,-0.05,-0.83%,13.307M,12.074M,27.476B,N/A
91,CSX,CSX Corporation,34.29,-0.05,-0.15%,13.453M,15.802M,74.555B,20.41
92,NEE,"NextEra Energy, Inc.",69.87,-1.15,-1.62%,14.089M,9.529M,137.26B,38.60
93,BP,BP p.l.c.,28.86,+0.14,+0.49%,12.802M,16.991M,95.694B,12.90
94,QCOM,QUALCOMM Incorporated,145.27,+5.58,+3.99%,12.74M,11.666M,162.702B,16.65
95,NYCB,"New York Community Bancorp, Inc.",9.44,+0.20,+2.16%,12.707M,7.651M,4.409B,7.87
96,AMCR,Amcor plc,11.70,-0.16,-1.35%,12.347M,8.733M,17.711B,18.96
97,RF,Regions Financial Corporation,21.06,+0.34,+1.64%,12.381M,10.043M,19.649B,8.46
98,JBLU,JetBlue Airways Corporation,11.30,+0.29,+2.63%,12.403M,10.635M,3.625B,N/A
99,SBUX,Starbucks Corporation,75.37,+0.73,+0.98%,12.364M,9.665M,86.698B,20.36
