,Symbol,Name,Price,Change,Change %,Volume,Avg volume,Market cap,Ration
0,SNAP,Snap Inc.,29.76,+0.34,+1.16%,74.91M,36.849M,48.339B,N/A
1,TWTR,"Twitter, Inc.",48.93,+1.85,+3.93%,75.58M,43.608M,37.362B,N/A
2,AAPL,Apple Inc.,161.79,-4.63,-2.78%,84.65M,91.501M,2.64T,26.90
3,AMD,"Advanced Micro Devices, Inc.",88.14,-1.71,-1.90%,74.862M,106.06M,143.436B,34.30
4,T,AT&T Inc.,19.52,-0.69,-3.41%,68.396M,68.007M,139.822B,7.06
5,NVDA,NVIDIA Corporation,195.15,-6.68,-3.31%,62.285M,54.72M,486.314B,50.69
6,F,Ford Motor Company,15.13,-0.57,-3.63%,55.963M,83.631M,60.805B,3.40
7,NIO,NIO Inc.,17.18,+0.03,+0.17%,54.945M,73.58M,33.859B,N/A
8,CLF,Cleveland-Cliffs Inc.,28.95,-0.63,-2.13%,52.456M,22.78M,15.182B,5.41
9,VALE,Vale S.A.,16.70,-0.95,-5.38%,44.654M,36.239M,80.937B,3.22
10,SOFI,"SoFi Technologies, Inc.",6.39,-0.21,-3.18%,45.294M,61.1M,5.11B,N/A
11,ITUB,Itaú Unibanco Holding S.A.,5.27,-0.15,-2.77%,43.838M,47.693M,51.54B,9.04
12,VZ,Verizon Communications Inc.,51.91,-3.10,-5.64%,44.525M,24.871M,218.022B,9.76
13,BAC,Bank of America Corporation,37.56,-1.35,-3.47%,50.28M,54.636M,302.812B,10.52
14,AAL,American Airlines Group Inc.,20.18,-0.04,-0.20%,41.871M,45.423M,13.1B,N/A
15,GPS,"The Gap, Inc.",11.72,-2.57,-17.98%,39.09M,10.7M,4.334B,17.49
16,NFLX,"Netflix, Inc.",215.52,-2.70,-1.24%,37.422M,10.39M,95.75B,19.17
17,DIDI,DiDi Global Inc.,1.7200,+0.0100,+0.58%,34.942M,52.244M,8.296B,N/A
18,SWN,Southwestern Energy Company,7.43,-0.36,-4.62%,34.478M,31.937M,8.293B,N/A
19,NOK,Nokia Oyj,5.14,-0.13,-2.47%,34.433M,27.861M,29.025B,16.53
20,FB,"Meta Platforms, Inc.",184.11,-3.96,-2.11%,36.336M,38.262M,499.772B,13.37
21,FCX,Freeport-McMoRan Inc.,41.91,-3.04,-6.76%,30.351M,18.365M,60.97B,14.45
22,CMCSA,Comcast Corporation,45.38,-1.56,-3.32%,29.978M,22.39M,205.718B,14.93
23,PLTR,Palantir Technologies Inc.,11.96,-0.37,-3.00%,30.275M,50.371M,24.28B,N/A
24,PLUG,Plug Power Inc.,22.04,-0.81,-3.54%,28.558M,21.329M,12.739B,N/A
25,BBD,Banco Bradesco S.A.,3.9300,-0.0800,-2.00%,28.306M,39.168M,45.949B,8.45
26,PBR,Petróleo Brasileiro S.A. - Petrobras,13.88,-0.70,-4.80%,28.268M,33.93M,90.529B,3.92
27,ABEV,Ambev S.A.,3.0200,-0.0900,-2.89%,28.163M,24.369M,48.227B,17.46
28,NLY,"Annaly Capital Management, Inc.",6.52,-0.15,-2.25%,26.951M,24.839M,9.526B,4.08
29,GGB,Gerdau S.A.,5.86,-0.17,-2.82%,26.791M,11.434M,9.996B,3.00
30,AMC,"AMC Entertainment Holdings, Inc.",16.52,-0.33,-1.96%,26.33M,54.885M,8.48B,N/A
31,PCG,PG&E Corporation,12.13,-0.24,-1.94%,25.393M,19.624M,24.107B,N/A
32,CCL,Carnival Corporation & plc,18.84,-0.67,-3.43%,24.73M,38.706M,22.145B,N/A
33,TELL,Tellurian Inc.,4.8900,-0.3100,-5.96%,24.683M,22.271M,2.535B,N/A
34,BABA,Alibaba Group Holding Limited,86.49,+0.50,+0.58%,25.071M,32.895M,240.534B,23.16
35,MSFT,Microsoft Corporation,274.03,-6.78,-2.41%,29.33M,35.668M,2.054T,29.19
36,KGC,Kinross Gold Corporation,5.49,-0.23,-4.02%,23.728M,22.046M,7.119B,32.29
37,XOM,Exxon Mobil Corporation,85.13,-1.90,-2.18%,23.323M,32.392M,360.405B,15.80
38,DKNG,DraftKings Inc.,14.03,-0.33,-2.30%,23.474M,27.463M,5.734B,N/A
39,UAL,"United Airlines Holdings, Inc.",51.46,+0.61,+1.20%,23.27M,15.612M,16.813B,N/A
40,ZNGA,Zynga Inc.,8.90,+0.15,+1.71%,22.761M,25.672M,10.122B,N/A
41,C,Citigroup Inc.,51.23,-1.40,-2.66%,22.625M,27.84M,99.484B,5.05
42,TSLA,"Tesla, Inc.","1,005.05",-3.73,-0.37%,23.147M,25.838M,1.039T,205.07
43,GOLD,Barrick Gold Corporation,23.73,-0.49,-2.02%,22.018M,23.062M,42.224B,20.87
44,OXY,Occidental Petroleum Corporation,56.62,-2.58,-4.36%,22.692M,34.664M,53.048B,36.02
45,WBD,"Warner Bros. Discovery, Inc.",20.57,-0.88,-4.10%,23.384M,13.815M,49.915B,14.93
46,UBER,"Uber Technologies, Inc.",30.83,-0.85,-2.68%,22.624M,33.025M,60.271B,N/A
47,LCID,"Lucid Group, Inc.",19.11,-0.44,-2.25%,22.183M,27.579M,31.594B,N/A
48,CSX,CSX Corporation,34.52,-1.78,-4.90%,21.028M,16.146M,75.205B,20.55
49,INTC,Intel Corporation,46.54,-0.96,-2.02%,28.196M,38.263M,190.288B,9.58
50,SLB,Schlumberger Limited,41.65,+1.00,+2.46%,20.738M,16.677M,58.857B,31.55
51,DNA,"Ginkgo Bioworks Holdings, Inc.",3.4000,-0.0500,-1.45%,19.298M,17.467M,5.983B,N/A
52,TLRY,"Tilray Brands, Inc.",5.24,0.00,0.00%,18.88M,33.698M,2.608B,N/A
53,AUY,Yamana Gold Inc.,5.91,-0.14,-2.31%,18.571M,20.13M,5.721B,39.40
54,CVNA,Carvana Co.,83.75,+0.61,+0.73%,18.509M,4.341M,14.874B,N/A
55,LUMN,"Lumen Technologies, Inc.",10.81,-0.80,-6.89%,18.396M,14.656M,11.164B,5.66
56,RBLX,Roblox Corporation,34.35,-0.26,-0.75%,17.906M,25.076M,20.306B,N/A
57,PYPL,"PayPal Holdings, Inc.",86.03,-3.37,-3.77%,20.926M,22.927M,99.907B,24.44
58,CSCO,"Cisco Systems, Inc.",51.36,-1.42,-2.69%,17.563M,21.751M,213.358B,18.34
59,PFE,Pfizer Inc.,48.13,-0.98,-2.00%,17.485M,31.053M,271.827B,12.49
60,X,United States Steel Corporation,33.59,-1.08,-3.12%,17.314M,18.718M,8.751B,2.26
61,DIS,The Walt Disney Company,118.27,-3.39,-2.79%,19.431M,11.882M,227.996B,70.27
62,MU,"Micron Technology, Inc.",69.41,-1.51,-2.13%,18.317M,23.826M,77.508B,8.74
63,HBAN,Huntington Bancshares Incorporated,13.76,-0.34,-2.41%,17.064M,12.619M,19.881B,15.29
64,WFC,Wells Fargo & Company,46.34,-1.44,-3.01%,20.849M,31.32M,175.624B,9.36
65,KMI,"Kinder Morgan, Inc.",19.15,-0.64,-3.23%,15.828M,17.954M,43.422B,24.52
66,DAL,"Delta Air Lines, Inc.",43.69,-1.04,-2.33%,15.511M,16.341M,28.009B,99.30
67,GM,General Motors Company,39.84,-0.87,-2.14%,16.836M,19.051M,57.888B,5.95
68,RF,Regions Financial Corporation,21.37,-0.17,-0.79%,16.457M,10.142M,20.027B,8.58
69,MRO,Marathon Oil Corporation,25.00,-1.09,-4.18%,15.429M,21.849M,17.964B,20.83
70,ET,Energy Transfer LP,11.28,-0.37,-3.18%,15.316M,22.917M,34.774B,5.97
71,NEE,"NextEra Energy, Inc.",73.95,-2.23,-2.93%,15.283M,10.386M,145.27B,40.86
72,BMY,Bristol-Myers Squibb Company,75.75,-1.81,-2.33%,15.109M,15.239M,160.984B,24.28
73,KO,The Coca-Cola Company,65.25,-0.96,-1.45%,14.888M,18.546M,282.858B,29.00
74,FTI,TechnipFMC plc,8.19,-0.13,-1.56%,14.877M,11.07M,3.703B,315.00
75,RIG,Transocean Ltd.,4.0000,-0.1900,-4.53%,14.424M,24.565M,2.724B,N/A
76,NCLH,Norwegian Cruise Line Holdings Ltd.,21.13,-0.71,-3.25%,14.548M,22.534M,8.813B,N/A
77,CIG,Companhia Energética de Minas Gerais,3.0700,-0.0400,-1.29%,14.274M,5.894M,5.823B,5.92
78,PINS,"Pinterest, Inc.",19.59,-0.64,-3.16%,14.237M,13.396M,12.974B,42.59
79,OPEN,Opendoor Technologies Inc.,7.09,-0.41,-5.47%,14.406M,16.615M,4.397B,N/A
80,CVE,Cenovus Energy Inc.,17.26,-0.16,-0.92%,14.028M,13.2M,34.685B,79.91
81,PBR-A,Petróleo Brasileiro S.A. - Petrobras,12.62,-0.49,-3.74%,13.937M,15.338M,70.697B,3.57
82,AGNC,AGNC Investment Corp.,11.59,-0.28,-2.36%,13.588M,9.743M,6.059B,9.50
83,BEKE,KE Holdings Inc.,12.12,+0.25,+2.11%,13.548M,18.507M,18.152B,N/A
84,RUN,Sunrun Inc.,20.32,-0.71,-3.38%,13.306M,7.225M,4.235B,N/A
85,AEO,"American Eagle Outfitters, Inc.",15.45,-1.55,-9.12%,12.866M,5.769M,2.609B,7.61
86,HOOD,"Robinhood Markets, Inc.",10.26,-0.18,-1.72%,12.984M,22.583M,8.574B,N/A
87,GRAB,Grab Holdings Limited,2.8500,-0.0100,-0.35%,15.194M,24.947M,10.662B,N/A
88,IQ,"iQIYI, Inc.",3.2500,+0.0500,+1.56%,16.377M,24.074M,2.799B,N/A
89,RIVN,"Rivian Automotive, Inc.",33.61,-0.15,-0.44%,12.634M,18.78M,29.691B,N/A
90,SQ,"Block, Inc.",102.67,-5.04,-4.68%,12.466M,21.343M,59.555B,311.12
91,KEY,KeyCorp,20.71,-0.37,-1.76%,12.47M,9.486M,19.056B,7.86
92,SID,Companhia Siderúrgica Nacional,4.5300,-0.2200,-4.63%,12.381M,5.809M,6.535B,2.35
93,NEM,Newmont Corporation,74.52,-2.54,-3.30%,12.37M,8.438M,59.061B,51.08
94,HAL,Halliburton Company,37.69,-1.26,-3.23%,12.998M,14.021M,33.942B,23.12
95,INFY,Infosys Limited,20.26,-0.42,-2.03%,11.983M,11.224M,85.772B,29.79
96,TME,Tencent Music Entertainment Group,4.0800,-0.0800,-1.92%,11.956M,19.39M,6.906B,14.57
97,SIRI,Sirius XM Holdings Inc.,6.25,-0.10,-1.57%,13.779M,21.029M,24.619B,19.59
98,BKR,Baker Hughes Company,32.20,-0.71,-2.16%,12.795M,11.851M,34.902B,N/A
99,SCHW,The Charles Schwab Corporation,70.32,-2.95,-4.03%,11.943M,8.891M,133.277B,24.85
