,Symbol,Name,Price,Change,Change %,Volume,Avg volume,Market cap,Ration
0,OPMXF,"Operadora de Sites Mexicanos, S.A. de C.V.",1.2400,+0.2590,+26.40%,"16,000","5,111",4.119B,"1,240.00"
1,FRGE,"Forge Global Holdings, Inc.",14.04,+2.34,+20.00%,9.324M,1.027M,2.332B,N/A
2,UBSFY,Ubisoft Entertainment SA,8.62,+1.26,+17.12%,"283,801","222,782",5.292B,57.93
3,SSU,SIGNA Sports United N.V.,8.65,+0.97,+12.70%,"24,422","17,823",2.893B,N/A
4,HPK,"HighPeak Energy, Inc.",37.69,+3.94,+11.67%,1.306M,"334,495",3.913B,70.06
5,HNP,"Huaneng Power International, Inc.",18.69,+1.47,+8.54%,"17,118","21,346",14.357B,N/A
6,GBOOY,"Grupo Financiero Banorte, S.A.B. de C.V.",36.61,+2.82,+8.35%,"45,914","65,346",21.158B,12.06
7,KMB,Kimberly-Clark Corporation,138.51,+10.41,+8.13%,6.886M,2.066M,46.668B,25.89
8,MPNGF,Meituan,18.08,+1.29,+7.71%,"20,524","195,917",115.398B,N/A
9,SIVB,SVB Financial Group,541.04,+37.91,+7.53%,1.147M,"554,901",31.835B,17.31
10,NUTX,"Nutex Health, Inc.",4.5900,+0.3200,+7.49%,"349,282","744,392",2.955B,N/A
11,RLX,RLX Technology Inc.,1.8800,+0.1300,+7.43%,8.941M,16.164M,2.953B,8.43
12,BCCLF,"Becle, S.A.B. de C.V.",2.3400,+0.1300,+5.88%,"42,369","11,176",8.867B,33.43
13,MPNGY,Meituan,35.55,+1.93,+5.74%,"155,448","156,047",113.135B,N/A
14,LNNGF,Li Ning Company Limited,7.91,+0.43,+5.68%,"19,199","7,520",20.686B,32.00
15,ROIV,Roivant Sciences Ltd.,3.9100,+0.2100,+5.68%,"342,487","397,430",2.706B,N/A
16,HKXCY,Hong Kong Exchanges and Clearing Limited,42.55,+2.27,+5.64%,"54,941","71,412",54.729B,33.74
17,AMTD,AMTD IDEA Group,2.3800,+0.1200,+5.31%,"50,200","239,652",3.644B,4.10
18,NEGG,"Newegg Commerce, Inc.",6.23,+0.30,+5.06%,1.322M,1.787M,2.297B,30.84
19,ONTTF,Oxford Nanopore Technologies Limited,5.0000,+0.2400,+5.04%,"20,928","12,173",4.113B,N/A
20,CURLF,"Curaleaf Holdings, Inc.",6.46,+0.31,+5.04%,"667,680","694,490",4.592B,N/A
21,FOJCY,Fortum Oyj,3.5900,+0.1700,+4.97%,"20,330","15,687",15.945B,19.97
22,TOSYY,Toshiba Corporation,20.83,+0.95,+4.78%,"24,430","37,374",18.266B,12.85
23,AN,"AutoNation, Inc.",106.37,+4.53,+4.45%,1.614M,"913,458",6.528B,5.81
24,GWLLF,Great Wall Motor Company Limited,1.4200,+0.0600,+4.41%,"21,000","9,807",28.188B,12.46
25,QFIN,"360 DigiTech, Inc.",13.98,+0.59,+4.41%,"964,397",1.673M,2.161B,2.51
26,LNVGF,Lenovo Group Limited,0.9963,+0.0392,+4.10%,"29,660","26,906",12.432B,7.17
27,TWTR,"Twitter, Inc.",48.93,+1.85,+3.93%,75.531M,44.131M,37.362B,N/A
28,BHVN,Biohaven Pharmaceutical Holding Company Ltd.,106.59,+3.92,+3.82%,"561,305","590,858",7.57B,N/A
29,TTWO,"Take-Two Interactive Software, Inc.",136.41,+4.88,+3.71%,3.814M,1.974M,15.749B,30.23
30,MNSO,MINISO Group Holding Limited,7.60,+0.26,+3.54%,"147,699","619,450",2.329B,20.60
31,GNTX,Gentex Corporation,29.61,+1.01,+3.53%,1.943M,1.258M,6.959B,19.73
32,EA,Electronic Arts Inc.,128.09,+4.35,+3.52%,4.237M,2.077M,36.022B,57.57
33,CSPCY,CSPC Pharmaceutical Group Limited,4.1100,+0.1300,+3.27%,"94,462","187,723",12.508B,14.08
34,SHZHY,Shenzhou International Group Holdings Limited,13.48,+0.41,+3.18%,"52,934","140,723",20.547B,26.92
35,WE,WeWork Inc.,6.74,+0.20,+3.06%,3.558M,4.054M,5.343B,N/A
36,LU,Lufax Holding Ltd,5.49,+0.16,+3.00%,7.139M,10.662M,13.518B,5.29
