,Symbol,Name,Price,Market Time,Change,Change %,Volume,Market cap
0,^DJI,Dow 30,"33,811.40",6:31PM EDT,-981.36,-2.82%,379.808M,N/A
1,^GSPC,S&P 500,"4,271.78",6:31PM EDT,-121.88,-2.77%,2.521B,N/A
2,^IXIC,Nasdaq,"12,839.29",5:15PM EDT,-335.36,-2.55%,3.828B,N/A
3,BBBY,Bed Bath & Beyond Inc.,17.46,4:00PM EDT,+1.12,+6.85%,14.553M,1.431B
4,GOOG,Alphabet Inc.,"2,392.28",4:00PM EDT,-106.47,-4.26%,2.321M,1.58T
5,AAPL,Apple Inc.,161.79,4:00PM EDT,-4.63,-2.78%,84.882M,2.64T
6,HCA,"HCA Healthcare, Inc.",210.64,4:00PM EDT,-58.80,-21.82%,8.857M,63.617B
7,BTC-USD,Bitcoin USD,"39,575.99",5:33AM UTC,"-1,116.34",-2.74%,26.602B,752.714B
8,GPS,"The Gap, Inc.",11.72,4:02PM EDT,-2.57,-17.98%,39.053M,4.334B
9,EE,"Excelerate Energy, Inc.",24.20,4:00PM EDT,+0.48,+2.02%,"916,148",635.352M
10,VZ,Verizon Communications Inc.,51.91,4:00PM EDT,-3.10,-5.64%,44.525M,218.022B
11,VLON,"Vallon Pharmaceuticals, Inc.",2.2700,4:00PM EDT,+1.1400,+100.88%,172.655M,15.465M
12,^RUT,Russell 2000,"1,940.66",4:30PM EDT,-50.80,-2.55%,0,N/A
13,KMB,Kimberly-Clark Corporation,138.51,4:04PM EDT,+10.41,+8.13%,6.886M,46.668B
14,APE3-USD,ApeCoin USD,16.98,5:32AM UTC,+2.89,+20.50%,1.461B,4.836B
15,SPY,SPDR S&P 500 ETF Trust,426.04,4:00PM EDT,-12.02,-2.74%,123.744M,391.012B
16,MSFT,Microsoft Corporation,274.03,4:00PM EDT,-6.78,-2.41%,29.33M,2.054T
17,GOOGL,Alphabet Inc.,"2,392.71",4:00PM EDT,-103.58,-4.15%,2.775M,1.583T
18,FRGE,"Forge Global Holdings, Inc.",14.04,4:00PM EDT,+2.34,+20.00%,9.324M,2.332B
19,MPW,"Medical Properties Trust, Inc.",18.76,4:00PM EDT,-1.57,-7.72%,10.571M,11.254B
20,VOO,Vanguard 500 Index Fund,391.66,4:00PM EDT,-10.99,-2.73%,6.248M,N/A
21,UBSFY,Ubisoft Entertainment SA,8.62,3:58PM EDT,+1.26,+17.12%,"283,801",5.292B
22,SBUX,Starbucks Corporation,77.92,4:00PM EDT,-1.04,-1.32%,10.299M,89.631B
23,ETH-USD,Ethereum USD,"2,951.32",5:32AM UTC,-64.57,-2.14%,16.017B,355.607B
24,CENN,Cenntro Electric Group Limited,1.7000,4:00PM EDT,+0.1100,+6.92%,8.377M,444.135M
25,CAT,Caterpillar Inc.,216.30,4:00PM EDT,-15.16,-6.55%,5.054M,115.913B
26,V,Visa Inc.,208.17,4:00PM EDT,-8.28,-3.83%,6.115M,450.8B
27,BAC,Bank of America Corporation,37.56,4:00PM EDT,-1.35,-3.47%,48.619M,302.812B
28,VTI,Vanguard Total Stock Market Index Fund,214.22,4:00PM EDT,-6.00,-2.72%,6.314M,444.232B
29,DOGE-USD,Dogecoin USD,0.134369,5:32AM UTC,-0.002706,-1.97%,497.877M,17.827B
