,Symbol,Name,Price,Change,Change %,Volume,Avg volume,Market cap,Ration
0,HCA,"HCA Healthcare, Inc.",210.64,-58.80,-21.82%,8.857M,1.548M,63.617B,9.95
1,GPS,"The Gap, Inc.",11.72,-2.57,-17.98%,39.053M,10.7M,4.334B,17.49
2,SGRY,"Surgery Partners, Inc.",50.12,-10.02,-16.66%,1.112M,"380,800",4.506B,N/A
3,THC,Tenet Healthcare Corporation,73.11,-13.56,-15.65%,5.714M,1.287M,7.984B,8.68
4,ISRG,"Intuitive Surgical, Inc.",252.34,-42.23,-14.34%,6.821M,2.038M,90.639B,54.15
5,UHS,"Universal Health Services, Inc.",132.93,-21.56,-13.96%,1.514M,"658,627",9.897B,11.25
6,GMED,"Globus Medical, Inc.",68.53,-10.47,-13.25%,4.662M,"633,277",6.959B,47.59
7,ARCH,"Arch Resources, Inc.",133.95,-20.24,-13.13%,1.32M,"849,414",2.073B,6.98
8,COMP,"Compass, Inc.",5.84,-0.83,-12.44%,3.934M,2.515M,2.493B,N/A
9,DDS,"Dillard's, Inc.",268.06,-35.22,-11.61%,"310,879","227,361",4.884B,6.40
10,XM,Qualtrics International Inc.,21.78,-2.56,-10.52%,3.874M,1.963M,12.677B,N/A
11,HRI,Herc Holdings Inc.,132.02,-15.48,-10.49%,"620,212","285,170",3.945B,17.91
12,HCP,"HashiCorp, Inc.",45.14,-5.20,-10.33%,1.418M,1.119M,8.282B,N/A
13,FQVLF,First Quantum Minerals Ltd.,28.11,-3.15,-10.08%,"115,425","26,195",19.286B,23.42
14,BTU,Peabody Energy Corporation,24.51,-2.74,-10.06%,9.457M,10.651M,3.389B,7.63
15,DVA,DaVita Inc.,111.41,-11.25,-9.17%,"964,522","679,970",10.679B,12.52
16,ACHC,"Acadia Healthcare Company, Inc.",68.01,-6.83,-9.13%,1.529M,"562,708",6.16B,32.37
17,AEO,"American Eagle Outfitters, Inc.",15.45,-1.55,-9.12%,12.866M,5.769M,2.609B,7.61
18,SEM,Select Medical Holdings Corporation,22.22,-2.19,-8.97%,1.094M,"794,025",2.972B,7.44
19,URBN,"Urban Outfitters, Inc.",23.67,-2.32,-8.93%,2.514M,1.959M,2.264B,7.56
20,HTH,Hilltop Holdings Inc.,26.40,-2.57,-8.87%,1.336M,"428,698",2.085B,5.73
21,CPE,Callon Petroleum Company,55.69,-5.35,-8.76%,2.955M,2.034M,3.425B,7.67
22,ANGPY,Anglo American Platinum Limited,18.81,-1.76,-8.55%,"66,429","31,729",29.872B,5.66
23,MODV,ModivCare Inc.,106.91,-9.82,-8.41%,"74,582","82,112",2.079B,N/A
24,CSCCF,Capstone Copper Corp.,4.6165,-0.4235,-8.40%,"31,888","19,745",3.148B,8.39
25,OCDGF,Ocado Group plc,13.05,-1.19,-8.39%,"92,801","4,074",9.833B,N/A
26,BBUC,Brookfield Business Corporation,27.99,-2.55,-8.35%,"72,774","26,846",2.788B,N/A
27,NUE,Nucor Corporation,161.05,-14.54,-8.28%,4.95M,3.445M,43.287B,6.95
28,RCM,R1 RCM Inc.,24.49,-2.21,-8.28%,1.093M,1.167M,6.814B,N/A
29,IMPUY,Impala Platinum Holdings Limited,13.18,-1.18,-8.22%,"466,472","177,806",11.176B,4.45
30,LFST,"LifeStance Health Group, Inc.",9.54,-0.85,-8.18%,"385,583","883,250",3.571B,N/A
31,GOL,Gol Linhas Aéreas Inteligentes S.A.,6.45,-0.57,-8.12%,1.632M,2.066M,10.246B,N/A
32,W,Wayfair Inc.,85.23,-7.49,-8.08%,5.051M,2.35M,8.941B,N/A
33,SYK,Stryker Corporation,248.31,-21.72,-8.04%,2.87M,1.498M,93.787B,47.66
34,EHC,Encompass Health Corporation,66.95,-5.79,-7.96%,"909,629","860,450",6.657B,16.27
35,ALBKY,Alpha Services and Holdings S.A.,0.2802,-0.0238,-7.83%,"47,138","46,737",2.77B,N/A
36,MPW,"Medical Properties Trust, Inc.",18.76,-1.57,-7.72%,10.571M,5.184M,11.254B,16.90
37,GOOS,Canada Goose Holdings Inc.,21.84,-1.80,-7.61%,1.793M,1.362M,2.317B,28.44
38,AMR,"Alpha Metallurgical Resources, Inc.",129.24,-10.63,-7.60%,"649,880","498,332",2.397B,8.45
39,RVLV,"Revolve Group, Inc.",45.55,-3.68,-7.48%,"989,314",1.13M,3.337B,33.99
40,NUVA,"NuVasive, Inc.",54.63,-4.39,-7.44%,"892,536","569,525",2.838B,N/A
41,MRVI,"Maravai LifeSciences Holdings, Inc.",32.96,-2.63,-7.39%,2.002M,2.268M,8.41B,21.11
42,BRPHF,Galaxy Digital Holdings Ltd.,11.86,-0.94,-7.36%,"291,094","267,277",3.952B,3.39
43,NESRF,Northern Star Resources Limited,7.65,-0.60,-7.30%,"27,362","14,006",9.019B,10.48
44,BMRRY,B&M European Value Retail S.A.,26.33,-2.07,-7.29%,"32,712","37,974",6.591B,11.71
45,ALV,"Autoliv, Inc.",71.91,-5.65,-7.28%,2.232M,"766,000",6.295B,14.50
46,AZZVF,AVZ Minerals Limited,0.7745,-0.0605,-7.25%,"32,164","174,475",2.733B,N/A
47,AGTI,"Agiliti, Inc.",20.16,-1.57,-7.23%,"95,386","173,480",2.643B,106.11
48,SRUUF,Sprott Physical Uranium Trust Fund,13.23,-1.01,-7.09%,1.65M,"657,654",2.163B,N/A
49,BHPLF,BHP Group Limited,34.05,-2.60,-7.08%,1.916M,1.625M,241.428B,10.23
50,KMPR,Kemper Corporation,50.36,-3.81,-7.03%,"501,685","364,711",3.212B,N/A
51,DOCS,"Doximity, Inc.",44.62,-3.37,-7.02%,1.346M,2.194M,8.536B,67.81
52,TECK,Teck Resources Limited,37.24,-2.81,-7.02%,8.158M,5.752M,19.808B,8.84
53,ENSG,"The Ensign Group, Inc.",81.18,-6.12,-7.01%,"311,219","253,429",4.49B,23.74
54,NHYDY,Norsk Hydro ASA,9.32,-0.70,-6.99%,"112,107","181,045",19.12B,13.89
55,MCARY,"Mercari, Inc.",8.43,-0.63,-6.95%,"35,636","57,004",2.709B,N/A
56,VCSA,"Vacasa, Inc.",6.96,-0.52,-6.95%,"402,174","906,770",3.017B,N/A
57,OGCP,"Empire State Realty OP, L.P.",8.19,-0.61,-6.93%,"25,812",720,2.27B,N/A
58,NVRO,Nevro Corp.,68.76,-5.12,-6.93%,"626,696","604,364",2.42B,N/A
59,WRBY,Warby Parker Inc.,23.26,-1.73,-6.92%,1.136M,1.81M,2.673B,N/A
60,HL,Hecla Mining Company,6.06,-0.45,-6.91%,10.93M,9.488M,3.266B,101.00
61,SOUHY,South32 Limited,17.24,-1.28,-6.91%,"53,697","45,208",16.016B,20.77
62,LUMN,"Lumen Technologies, Inc.",10.81,-0.80,-6.89%,18.105M,14.656M,11.164B,5.66
63,LOGI,Logitech International S.A.,65.27,-4.83,-6.89%,1.791M,"914,596",10.85B,14.69
64,OUKPY,Metso Outotec Oyj,4.3800,-0.3221,-6.85%,"43,485","12,937",7.322B,19.77
65,URI,"United Rentals, Inc.",314.67,-23.05,-6.83%,"975,658","717,850",22.717B,16.53
66,FCX,Freeport-McMoRan Inc.,41.91,-3.04,-6.76%,31.434M,18.365M,60.97B,14.45
67,CHWY,"Chewy, Inc.",34.62,-2.51,-6.76%,4.706M,5.052M,14.557B,N/A
68,NGLOY,Anglo American plc,22.03,-1.59,-6.73%,"809,934","279,287",58.934B,6.44
69,DXCM,"DexCom, Inc.",440.65,-31.76,-6.72%,"604,318","800,608",43.239B,284.29
70,AA,Alcoa Corporation,67.37,-4.83,-6.69%,10.337M,8.004M,12.424B,29.81
71,ADNT,Adient plc,33.85,-2.39,-6.59%,"898,100",1.152M,3.208B,3.58
72,CNMD,CONMED Corporation,140.86,-9.89,-6.56%,"493,535","257,193",4.159B,72.61
73,CAT,Caterpillar Inc.,216.30,-15.16,-6.55%,5.051M,3.799M,115.913B,18.28
74,KLIC,"Kulicke and Soffa Industries, Inc.",48.04,-3.35,-6.52%,1.13M,"900,561",2.993B,6.76
75,VRT,Vertiv Holdings Co,11.63,-0.81,-6.51%,3.299M,5.297M,4.373B,35.24
76,PSN,Parsons Corporation,36.92,-2.57,-6.51%,"447,351","498,188",3.779B,62.58
77,CRL,"Charles River Laboratories International, Inc.",273.03,-18.97,-6.50%,"388,948","516,932",13.87B,35.92
78,GFL,GFL Environmental Inc.,31.06,-2.15,-6.47%,2.554M,1.427M,10.508B,N/A
79,SMMNY,Siemens Healthineers AG,28.72,-1.98,-6.45%,"61,814","67,096",64.486B,33.67
80,ALL,The Allstate Corporation,132.07,-9.06,-6.42%,2.306M,2.397M,36.448B,26.59
81,NHYKF,Norsk Hydro ASA,9.36,-0.64,-6.40%,"42,025","4,319",19.202B,13.95
82,FEAM,5E Advanced Materials Inc.,25.95,-1.77,-6.39%,"135,538","63,448",11.358B,N/A
83,TTD,"The Trade Desk, Inc.",59.44,-4.03,-6.35%,6.077M,6.524M,28.889B,212.29
84,USNZY,Usinas Siderúrgicas de Minas Gerais S.A.,2.5100,-0.1700,-6.34%,"36,772","53,872",3.092B,1.59
85,BAX,Baxter International Inc.,73.08,-4.90,-6.28%,4.216M,3.405M,36.774B,28.89
86,ABMD,"Abiomed, Inc.",295.83,-19.81,-6.28%,"247,205","332,890",13.465B,101.69
87,SIG,Signet Jewelers Limited,75.35,-5.03,-6.26%,1.387M,1.327M,3.758B,6.17
88,CAHPF,Evolution Mining Limited,3.0000,-0.2000,-6.25%,"98,251","10,833",5.551B,34.88
89,NVEI,Nuvei Corporation,58.12,-3.86,-6.23%,"287,922","366,101",8.252B,81.86
90,INSP,"Inspire Medical Systems, Inc.",223.87,-14.86,-6.22%,"317,953","260,233",6.168B,N/A
91,IVPAF,Ivanhoe Mines Ltd.,8.50,-0.56,-6.19%,"483,791","146,298",10.281B,184.76
92,RKT,"Rocket Companies, Inc.",8.67,-0.57,-6.17%,4.794M,5.515M,17.23B,3.73
93,CYXT,"Cyxtera Technologies, Inc.",12.02,-0.79,-6.17%,"247,046","375,420",2.146B,N/A
94,VSCO,Victoria's Secret & Co.,45.86,-3.01,-6.16%,"914,357",1.381M,3.798B,6.39
95,CDEV,"Centennial Resource Development, Inc.",8.24,-0.54,-6.15%,9.76M,10.462M,2.348B,17.87
96,OVV,Ovintiv Inc.,50.30,-3.28,-6.12%,4.776M,4.173M,13.012B,9.45
97,IHRT,"iHeartMedia, Inc.",17.50,-1.14,-6.12%,"666,835","709,309",2.42B,N/A
98,AMPL,"Amplitude, Inc.",18.82,-1.22,-6.09%,1.084M,1.771M,2.072B,N/A
99,KHOLY,Koç Holding A.S.,13.03,-0.84,-6.06%,"631,304","46,083",6.658B,N/A
